model,kernel,status,run_dir,measurement_count
luna,direct-dft,ok,luna/runs/direct-dft/20260926T165738.075353Z-direct-dft-mini,24
luna,lorenz-rk4,partial,luna/runs/lorenz-rk4/20260926T044114.528989Z-lorenz-rk4-mini,8
luna,mutual-information,partial,luna/runs/mutual-information/20260926T044249.431795Z-mutual-information-mini,12
luna,poisson-cg,partial,luna/runs/poisson-cg/20260926T044430.488667Z-poisson-cg-mini,12
luna,polybench-3mm,partial,luna/runs/polybench-3mm/20260926T044617.756038Z-polybench-3mm-mini,12
luna,polybench-adi,partial,luna/runs/polybench-adi/20260926T044733.709277Z-polybench-adi-mini,12
luna,polybench-atax,partial,luna/runs/polybench-atax/20260926T045132.379748Z-polybench-atax-mini,12
luna,polybench-bicg,partial,luna/runs/polybench-bicg/20260926T045243.778204Z-polybench-bicg-mini,12
luna,polybench-cholesky,partial,luna/runs/polybench-cholesky/20260926T045425.522714Z-polybench-cholesky-mini,12
luna,polybench-correlation,ok,luna/runs/polybench-correlation/20260926T171451.049964Z-polybench-correlation-mini,24
luna,polybench-covariance,ok,luna/runs/polybench-covariance/20260926T173258.989621Z-polybench-covariance-mini,24
luna,polybench-deriche,partial,luna/runs/polybench-deriche/20260926T174938.623265Z-polybench-deriche-mini,24
luna,polybench-doitgen,partial,luna/runs/polybench-doitgen/20260926T050333.248022Z-polybench-doitgen-mini,12
luna,polybench-durbin,partial,luna/runs/polybench-durbin/20260926T050445.001622Z-polybench-durbin-mini,8
luna,polybench-fdtd-2d,partial,luna/runs/polybench-fdtd-2d/20260926T050629.147308Z-polybench-fdtd-2d-mini,12
luna,polybench-floyd-warshall,ok,luna/runs/polybench-floyd-warshall/20260926T050915.902348Z-polybench-floyd-warshall-mini,12
luna,polybench-gemm,partial,luna/runs/polybench-gemm/20260926T050957.518816Z-polybench-gemm-mini,12
luna,polybench-gemver,partial,luna/runs/polybench-gemver/20260926T051145.234795Z-polybench-gemver-mini,12
luna,polybench-gesummv,partial,luna/runs/polybench-gesummv/20260926T051300.271101Z-polybench-gesummv-mini,12
luna,polybench-gramschmidt,failed,luna/runs/polybench-gramschmidt/20260926T051414.527019Z-polybench-gramschmidt-mini,12
luna,polybench-heat-3d,ok,luna/runs/polybench-heat-3d/20260926T051636.404252Z-polybench-heat-3d-mini,12
luna,polybench-jacobi-2d,partial,luna/runs/polybench-jacobi-2d/20260926T051717.194337Z-polybench-jacobi-2d-mini,12
luna,polybench-lu,partial,luna/runs/polybench-lu/20260926T052002.723887Z-polybench-lu-mini,12
luna,polybench-mvt,partial,luna/runs/polybench-mvt/20260926T052219.571605Z-polybench-mvt-mini,12
luna,polybench-nussinov,ok,luna/runs/polybench-nussinov/20260926T182153.489906Z-polybench-nussinov-mini,24
luna,polybench-seidel-2d,partial,luna/runs/polybench-seidel-2d/20260926T052543.947670Z-polybench-seidel-2d-mini,12
luna,polybench-syr2k,partial,luna/runs/polybench-syr2k/20260926T052814.396528Z-polybench-syr2k-mini,12
luna,polybench-trmm,partial,luna/runs/polybench-trmm/20260926T053000.251773Z-polybench-trmm-mini,12
luna,softened-nbody,partial,luna/runs/softened-nbody/20260926T053143.131571Z-softened-nbody-mini,12
terra,direct-dft,ok,terra/runs/direct-dft/20260926T184056.817727Z-direct-dft-mini,24
terra,lorenz-rk4,partial,terra/runs/lorenz-rk4/20260926T053601.011200Z-lorenz-rk4-mini,8
terra,mutual-information,partial,terra/runs/mutual-information/20260926T053758.418892Z-mutual-information-mini,12
terra,poisson-cg,partial,terra/runs/poisson-cg/20260926T054010.467154Z-poisson-cg-mini,12
terra,polybench-3mm,partial,terra/runs/polybench-3mm/20260926T054158.043774Z-polybench-3mm-mini,12
terra,polybench-adi,ok,terra/runs/polybench-adi/20260926T055203.006317Z-polybench-adi-mini,20
terra,polybench-atax,ok,terra/runs/polybench-atax/20260926T064034.345767Z-polybench-atax-mini,15
terra,polybench-bicg,partial,terra/runs/polybench-bicg/20260926T065005.478806Z-polybench-bicg-mini,12
terra,polybench-cholesky,partial,terra/runs/polybench-cholesky/20260926T065151.009330Z-polybench-cholesky-mini,12
terra,polybench-correlation,ok,terra/runs/polybench-correlation/20260926T191553.206722Z-polybench-correlation-mini,24
terra,polybench-covariance,partial,terra/runs/polybench-covariance/20260926T193639.265513Z-polybench-covariance-mini,17
terra,polybench-deriche,ok,terra/runs/polybench-deriche/20260926T201152.168768Z-polybench-deriche-mini,24
terra,polybench-doitgen,partial,terra/runs/polybench-doitgen/20260926T070122.347543Z-polybench-doitgen-mini,12
terra,polybench-durbin,partial,terra/runs/polybench-durbin/20260926T070235.426118Z-polybench-durbin-mini,8
terra,polybench-fdtd-2d,partial,terra/runs/polybench-fdtd-2d/20260926T070410.507724Z-polybench-fdtd-2d-mini,12
terra,polybench-floyd-warshall,ok,terra/runs/polybench-floyd-warshall/20260926T070621.266594Z-polybench-floyd-warshall-mini,12
terra,polybench-gemm,partial,terra/runs/polybench-gemm/20260926T070704.296242Z-polybench-gemm-mini,12
terra,polybench-gemver,partial,terra/runs/polybench-gemver/20260926T070916.418181Z-polybench-gemver-mini,12
terra,polybench-gesummv,partial,terra/runs/polybench-gesummv/20260926T071029.378805Z-polybench-gesummv-mini,12
terra,polybench-gramschmidt,failed,terra/runs/polybench-gramschmidt/20260926T071141.820234Z-polybench-gramschmidt-mini,12
terra,polybench-heat-3d,ok,terra/runs/polybench-heat-3d/20260926T071355.663378Z-polybench-heat-3d-mini,12
terra,polybench-jacobi-2d,partial,terra/runs/polybench-jacobi-2d/20260926T071440.601225Z-polybench-jacobi-2d-mini,12
terra,polybench-lu,partial,terra/runs/polybench-lu/20260926T071647.472084Z-polybench-lu-mini,12
terra,polybench-mvt,partial,terra/runs/polybench-mvt/20260926T071922.758755Z-polybench-mvt-mini,12
terra,polybench-nussinov,ok,terra/runs/polybench-nussinov/20260927T013954.365375Z-polybench-nussinov-mini,24
terra,polybench-seidel-2d,partial,terra/runs/polybench-seidel-2d/20260926T072239.193266Z-polybench-seidel-2d-mini,12
terra,polybench-syr2k,partial,terra/runs/polybench-syr2k/20260926T072503.889080Z-polybench-syr2k-mini,12
terra,polybench-trmm,partial,terra/runs/polybench-trmm/20260926T072647.913224Z-polybench-trmm-mini,12
terra,softened-nbody,partial,terra/runs/softened-nbody/20260926T072900.122127Z-softened-nbody-mini,12
